{"2022":{"0":1.95,"1":4.9,"2":2.0,"3":2.55,"4":null,"5":1.6,"6":2.15,"7":null,"8":0.9,"9":null,"10":null,"11":null,"12":0.1,"13":2.8,"14":3.4,"15":3.5,"16":3.7,"17":7.1,"18":0.2,"19":3.0,"20":null,"21":1.5666666667,"22":null,"23":24.55,"24":3.5,"25":3.2,"26":2.8,"27":4.5,"28":5.1,"29":1.8,"30":null,"31":2.85,"32":4.9,"33":6.2,"34":4.0,"35":1.5,"36":0.65,"37":null,"38":0.35,"39":2.4,"40":5.05,"41":null,"42":3.1,"43":2.0,"44":1.7,"45":null,"46":null,"47":null,"48":1.7666666667,"49":null,"50":1.7,"51":6.3,"52":5.6,"53":7.7,"54":2.4,"55":3.1,"56":3.9,"57":null,"58":null,"59":null,"60":null,"61":null,"62":null,"63":null,"64":null,"65":null,"66":null,"67":null,"68":null,"69":null,"70":null,"71":null,"72":null,"73":null,"74":null,"75":null,"76":null,"77":null,"78":null,"79":null,"80":null,"81":null,"82":null}}